,Parquet,HDF Fixed,HDF Table,HDF Select,CSV,Data
read,2.6061957999999987,77.96964868571429,24.31243624285717,28.65360851428571,14.891127557143006,Numeric
write,16.68648304285714,22.533661771428587,28.65360851428571,28.65360851428571,69.82267597142852,Numeric
size,1013993449.0,2102251968.0,1801425351.0,1801425351.0,1801425351.0,Numeric
